quantile,"November
2025","December
2025","January
2026","February
2026","March
2026","April
2026"
1,13.794819146232731,19.14166277028947,19.189820700523267,23.117451184659437,20.57606052892382,17.25066798212827
2,16.558062094072433,15.363265310572604,14.846339506553045,18.244479078005025,17.345268519031684,16.57802755075067
3,20.17045447787063,9.78591221340881,14.23112007447187,18.52403130776638,16.18445791526521,15.210939876227092
4,17.039409516388115,10.739233466262256,13.572145448393371,13.26981624127888,17.805374284837274,11.464470613327947
5,12.416012078892818,11.693167192122198,11.409305754152369,7.902962965427119,9.016379548899119,10.705560010054498
6,7.292980778591537,8.300767261017267,10.212182191927406,5.419790087582714,7.1239721851005795,7.314364074478239
7,5.38056131127032,7.088380152636543,6.228390085790451,5.705883322517388,5.0519253103885395,7.354400506577747
8,4.112508390338343,5.003766011899169,3.511477014665021,3.800139868671276,3.277465146966481,6.700127200744097
9,1.6168316592793517,6.6166940713392055,4.188538290149873,3.1033733942236514,1.5174070108088358,4.162769910595939
10,1.618360547063718,6.26715155045248,2.610680933373329,0.9120725498681285,2.101689549778454,3.258672275115502
