quantile,"March
2026","April
2026","May
2026","June
2026","July
2026","August
2026"
1,37.27973635805086,20.77191349246847,30.83376505296509,46.56034183153682,44.06884695082663,32.721868662526575
2,21.596251798390025,13.568345166691394,19.273126534648952,18.35241088809877,21.069115026712193,19.152021774547997
3,13.188552961943644,12.543451357549738,11.235410379156544,10.978298247905505,12.572251863951045,15.1173604661872
4,11.289469938317149,12.413001216937879,9.471792002527467,6.7009017074695265,7.721449002213264,10.110990088552008
5,5.450914739245523,9.134089365630727,8.14739086282147,4.858550199020219,5.8187622515585415,6.225331358228989
6,4.398260447783812,7.884002624889266,4.435644176430617,5.7009623592316,3.1829471505527307,6.885588150630148
7,2.735847759610707,7.205707839195455,5.961385066683388,1.8861868500655485,1.5838140793683804,3.609310669105554
8,2.286705670897406,7.734406724169929,5.099886501453937,1.9615268856628072,2.291398367542036,3.157647555025606
9,0.4530161392615977,5.868830940640852,2.5469014015128915,1.5488500991213912,0.6572822788117755,1.987318521390514
10,1.3212441864992763,2.876251271826286,2.9946980217996533,1.4519709318878247,1.0341330284633996,1.0325627538054063
