quantile,"March
2026","April
2026","May
2026","June
2026","July
2026","August
2026"
1,39.57237398093434,21.274417863735952,33.35905465830981,43.77206313650913,41.58013919313723,32.46803903500872
2,22.597673920760194,16.646052579312403,18.71358635871024,17.681933703833835,24.051238740774235,19.55760361465514
3,13.448169020021572,13.365151973500481,9.897381738373115,11.813521265060954,10.589986767909597,15.454840881191375
4,9.233797930741506,11.401670936088946,9.873771345388876,7.628321965828977,8.610706487159623,10.45244154221077
5,5.517652457131872,8.296812535035984,9.222579589643022,6.969138333041313,5.232149107501107,6.018342592388276
6,3.5101318228842717,7.488604096138159,4.585462253246558,4.38090234683767,3.0787944512982643,5.847486201502467
7,2.191486097171654,5.6365634878802835,4.156101107784217,2.4118259831021303,2.6654577220177913,3.987262299190808
8,2.3740839389993282,8.310692965761373,3.8666602487895414,2.3443867434246863,1.8678376380549535,2.4321601030798545
9,0.3468419487094832,5.014028543012155,3.126361327238527,1.646397065287186,1.4109965735863381,2.384459028016982
10,1.20778888264579,2.566005019534266,3.1990413725161035,1.3515094570741155,0.9126933185608649,1.3973647027556124
