quantile,"February
2026","March
2026","April
2026","May
2026","June
2026","July
2026"
1,42.139624231945604,31.458102766125794,17.464575071461855,23.412088353751674,37.45346151631699,35.82318115971413
2,19.735135579878317,24.08636309514863,17.26248995387849,16.004971736405025,14.835227279860817,23.763388823295074
3,18.181510647170242,17.221999221434388,12.792007689710282,13.116084863029297,12.60503985379492,14.519735254465452
4,7.737634551141657,8.54479392764327,11.404067492171837,11.747872071546473,6.735473365104447,7.192139924082702
5,4.088964259337917,5.978197195786738,11.619441529821996,6.723293231279731,9.483479128967362,4.628927082416136
6,3.1006172009208717,6.039824642126128,7.236972229586312,7.140415529492908,7.103231447947605,4.866384499065064
7,1.3385613758428752,2.3952304587667665,9.015384620719592,6.8463288147379755,4.977156008645582,3.203222714176857
8,1.3417157307039416,2.189314309720649,6.526864201703102,6.013067967744231,1.7304510293250335,2.7391432950073664
9,1.2627864273066036,1.6702671402871363,3.627438121189701,4.311440745357996,3.067091298948829,2.141065316514095
10,1.073449995751971,0.4159072429605017,3.0507590897568333,4.6844366866546885,2.009389071088417,1.1228119312631213
