quantile,"April
2026","May
2026","June
2026","July
2026","August
2026","September
2026"
1,33.44297694453465,30.8791275928333,37.15945819000384,33.49357292484795,27.190523292951013,21.80351245771583
2,22.45823738669047,18.261813904364157,16.74709474074981,19.03719273523645,15.685102232125747,15.692830026306305
3,13.082020602535394,13.376469614083101,15.600659363247484,12.697303042340348,15.509564572525505,12.128073790390378
4,7.857455703080609,10.023846780015294,8.527275475008228,11.122266592440118,11.492442164852509,10.040948354562763
5,5.724061554548385,7.4272211457921244,6.325341257118334,5.819242563588112,8.172562287441664,10.011663673222525
6,7.423289924597785,6.723037368142199,5.804758121780234,5.302551576132716,6.707868710207466,7.922848637555799
7,5.2495456917482635,4.197681355699904,2.8731712716177302,4.633936459987582,3.835602232352535,7.287395098680642
8,2.399145121756998,4.483726742640626,4.237203875100802,3.311327986280316,4.636347800127313,5.797375527563682
9,1.5393071024429292,2.758467133457078,1.6106159505345308,2.4362503142395484,3.014736616215626,5.969766359104713
10,0.8239599680645174,1.8686083629722248,1.114421754838997,2.1463558049068507,3.7552500912006224,3.3455860748973576
