quantile,"March
2026","April
2026","May
2026","June
2026","July
2026","August
2026"
1,40.04642506194299,21.236691771433406,33.99285180807813,43.633411204319515,41.32663454053337,32.85646547572745
2,23.9162228296685,18.89104878941358,18.873008484303714,17.76703471541873,24.877116539094857,19.826409957231434
3,13.281733558862937,13.15052279090392,9.893086473909662,11.03098179286867,10.001703006822268,14.870757327233308
4,8.897927368409025,11.078035265180466,9.159819733878358,7.89190210566683,8.457861321841998,10.881054066046232
5,5.005507360113537,8.46533239133688,9.243152775665818,7.725760193688071,5.319194841498679,6.039218102383495
6,3.253277980930878,6.946090368564749,5.192522802702923,4.318802366490966,2.8387052822516283,5.07339319798265
7,1.7743722550819752,4.89798919382548,3.593493860339114,2.3692061323833906,2.7120313503953626,4.473852318596367
8,2.5081342459868896,8.435061098983883,3.5610183918051317,2.2040359420082405,2.1664915364568302,2.0516674741755443
9,0.14305681666199707,4.304235748766777,3.3841436652478114,1.8411717586858316,1.446192699601215,2.617193343056702
10,1.1733425223412701,2.5949925815908568,3.1069020040693407,1.2176937884697514,0.8540688815037947,1.3099887375668144
