quantile,"April
2026","May
2026","June
2026","July
2026","August
2026","September
2026"
1,34.631505030998696,30.639066097720466,37.48886282389328,33.64689373671517,25.971159451408493,21.25687913227058
2,21.49669926792972,17.84775123401495,16.67512816790553,19.26749686430488,16.163581085139338,14.318364314502881
3,13.51301730464563,14.667704328464618,14.674859751585913,12.905850389997358,14.480231156738563,12.433892897131816
4,8.205340103253302,9.84984714969798,9.489529158289615,10.800457842642482,11.29953613124241,10.916965943101843
5,5.808650551872132,6.8688676213702085,6.3673171570751155,6.1243346099180105,8.566269204647597,8.890787238538616
6,6.77964041007292,6.736536872037126,5.3833197915766045,4.773550332208349,7.243107328891751,7.822848861121339
7,4.755929950338691,4.368515706156084,2.8632446684903643,4.403245477311318,4.610232817660047,8.246680851856208
8,2.584806569297025,4.344896383371542,3.9322929794793837,3.616165419119389,4.426926358740809,6.500909344300925
9,1.3462393223296214,2.8648392289749345,1.8846831561095037,2.4566045626486646,3.281125063102972,5.9178626283680655
10,0.8781714892622576,1.8119753781920918,1.2407623455946915,2.005400765134376,3.957831402428018,3.6948087888077255
