quantile,"November
2025","December
2025","January
2026","February
2026","March
2026","April
2026"
1,11.360815243486382,17.600726376492904,17.951288594209732,25.11797158675226,21.572388262069236,18.720638254299026
2,17.481506345763744,14.190468470552691,18.5654921607255,21.307502045779813,18.091634587749944,14.812188416733516
3,17.9847418539436,11.724606777277012,14.250462710836421,14.226848380091969,14.748340231324969,12.150736443651324
4,15.871652908246858,8.780676242382265,10.876085847634833,11.160862761296528,13.758895776031533,10.966797395054911
5,11.588892059582221,8.664942298089526,11.419578765499361,9.05146399014317,9.836079397949732,9.636558240611075
6,7.794908514958907,8.515620325702745,8.153235192449035,4.431018080113202,6.641982036864074,8.947934922952415
7,6.6570064955013875,9.340502007784181,6.120285063206703,5.324927060171733,6.977271241041585,7.053771898664644
8,6.067781449264346,5.887913125232506,3.9796807070520854,4.591718551994344,4.2206583384403045,8.974344100648475
9,2.9397192216270467,5.72579099976865,4.79883036764336,3.398287008947311,2.5305123803448453,6.110264466977535
10,2.252975907625504,9.568753376717524,3.885060590742971,1.3894005347096754,1.6222377481837793,2.626765860407075
