quantile,"April
2026","May
2026","June
2026","July
2026","August
2026","September
2026"
1,38.27715602005411,31.361693581799937,39.00836384649462,35.88030349764441,23.272200846248598,18.435118378316325
2,20.10497371965557,16.910214814493557,17.48183857599282,17.818651260307725,16.040778221180453,11.514012062013006
3,14.029823927556162,15.60965303642603,13.573044011049017,13.244189832777831,12.687754916114788,12.944117395815317
4,8.886969944738622,11.239620696889588,9.275442840664528,10.338016022618728,12.543021577450336,11.25112927707347
5,5.522584412692266,7.305844748365212,7.596818718265321,7.559561131178631,8.58126085279709,7.276363129981415
6,6.571488314052703,5.315003434701591,3.725682282849923,3.8914073938394,8.127576001104575,9.447828111742023
7,3.367254210811313,4.417322980901387,2.8914793931719815,3.8694416713944464,6.626261626137042,10.429325479378946
8,1.9214556031582233,3.545617326572284,3.771922168553643,3.502202156146029,3.8906923374511577,8.422823725473476
9,0.720821233421997,2.6082490772367075,1.336321163106,2.545261018179359,3.710234965596912,5.046977536731795
10,0.5974726138590318,1.686780302613706,1.3390869998521409,1.3509660159134396,4.52021865591905,5.2323049034742235
