quantile,"November
2025","December
2025","January
2026","February
2026","March
2026","April
2026"
1,12.05308783457266,17.805242417282763,17.885143825018552,24.24847728850693,21.361341487926175,18.325842091816774
2,17.512081980357173,14.443246823544062,17.001442967753995,20.94325432232361,18.186789580728025,15.832082819589209
3,17.749426447650773,11.023795921520406,14.713907824328071,14.926427536947326,14.590371327609054,12.897294218783458
4,15.841612696122581,9.419554294719418,12.069153357196413,11.770885871899463,13.93477543042522,10.75056394487272
5,12.114410969059083,9.440641034096513,11.022960491042046,8.718851323626785,10.242439632656232,9.34253483232248
6,8.55306607637825,7.8914962583788535,8.065441437020967,5.120748870846194,6.913194243984312,8.76601795603843
7,6.065332663806312,9.213997004158028,6.416490254263133,5.161898826153295,6.783653796047706,6.874897287317739
8,5.330868961230776,5.8389864935773375,4.27549886509369,4.55001261487376,3.842002309395295,8.312964340407074
9,2.680717892296722,6.388531314466451,4.847764080508086,3.3517224525572913,2.404788490601679,6.253317891137582
10,2.0993944785256695,8.534508438256168,3.7021968977750452,1.2077208922653448,1.7406437006262934,2.644484617714539
