quantile,"January
2026","February
2026","March
2026","April
2026","May
2026","June
2026"
1,6.1802716810785565,16.375829809738445,23.934617246337464,21.568633633688993,21.605524922534336,20.921835653296423
2,9.682730540057122,12.892449404688131,18.796118727489294,15.576678211495956,14.545812270597898,14.58778563528727
3,13.211915379297338,12.904449103728098,14.487677182042031,10.72307203559026,14.510786390209677,13.444029342090829
4,14.429509862505522,12.32629486881913,11.033522871276546,11.830595181496737,11.066275099364058,11.509199446379176
5,14.740491459065856,11.310054366704566,9.543962634636255,11.590234931674132,8.367821089827293,9.3453661039546
6,15.100982387978245,9.228234846717058,4.8236049481143235,8.441128345613134,8.079131144563062,8.706001914432543
7,9.964474353386496,7.590236614198744,5.947758910909185,7.560002816165444,7.370063365469292,7.5264980235778625
8,6.899875663240103,5.927540899160322,5.958464443476676,6.130061371883107,5.8713855305834635,6.184126436102206
9,5.561589976493989,6.472048061907733,3.687579618213617,4.388779044035521,3.915714889397306,4.2430783651434885
10,4.2281586968967755,4.972862024337774,1.786693417504609,2.1908144283567212,4.667485297453621,3.5320790797356025
