quantile,"January
2026","February
2026","March
2026","April
2026","May
2026","June
2026"
1,6.974492387997406,15.704168523757266,23.58842496348033,19.841804951265043,21.9030428349187,21.470780478445445
2,9.951134217290718,13.685630632214844,18.6515755464987,17.763741458598204,15.081216107357466,14.797694801380974
3,12.97263740645964,13.918590559148324,15.384154576777197,11.15609983976395,13.464200167570032,12.210100940141015
4,14.413112858882187,11.331528632058994,11.709268903676934,11.153068933108,11.961190154136094,11.69119596820609
5,15.292709243088364,11.930874165756343,8.677470020566826,11.212595999355122,8.351622755901168,9.470738751842484
6,14.645766672428902,8.832310985142382,5.148551058054197,8.68632460425448,7.3771913903266775,9.060924719448167
7,9.220001528334787,7.432485429431281,5.938116866425989,7.745267611864151,7.423851336061643,7.171855738800478
8,6.717661736006187,6.278075242523,5.4023205557004275,6.201306587552662,5.5838856346835595,6.176003915294615
9,5.833886613635229,5.877291159483977,3.9522017000168823,4.100841878946596,4.547990879836455,4.395675688339832
10,3.9785973358765774,5.009044670483588,1.5479158088025182,2.138948135291793,4.305808739208205,3.5550289981009007
