quantile,"February
2026","March
2026","April
2026","May
2026","June
2026","July
2026"
1,44.56647202150058,34.47740918040656,18.429869047692275,25.237659284121843,34.175263688097324,33.610527163196
2,24.408591490519242,20.675409801979256,17.867072438458525,15.616877499661058,17.841583528943488,23.23086607051747
3,10.805833427727192,15.136759595245504,12.299981884291173,12.44363219682296,11.600836363353263,16.60632808353581
4,7.669555848183369,9.438173837455917,12.13414553739979,10.387687192017268,7.790579688360639,8.377031311117435
5,4.147773490052505,7.298758999563124,9.419679295710386,9.489981111342166,9.027196275086055,3.9496103103422247
6,2.8498506122530265,5.2195472139239945,7.976540891474357,7.348385674692988,6.810594160463432,5.548610789365316
7,1.841889637226298,2.896817745939211,6.687537626636089,7.918093887750045,5.875557488333986,3.820361386342668
8,0.8968981955154958,2.1241168731980777,6.6942841146996725,4.562241767036799,2.3246307810773246,2.7625002127863336
9,1.2668014592381773,1.9371148057692023,5.482703020974159,3.548236760974414,2.2422184778687306,1.1291883605296889
10,1.546333817784103,0.7958919465191511,3.008186142663567,3.4472046255804583,2.3115395484157633,0.9649763122670559
